chrY	3191151	3191200	trf	4	12.2	4	100	0	98	51	0	24	24	1.49	AGAT	chrY	3191127	3191247	DYS393
chrY	3191457	3191539	trf	5	16.4	5	97	0	155	0	41	0	58	0.98	TCTCT	chrY	3191433	3191741	DYS446
chrY	3339680	3339737	trf	4	15	4	85	10	84	78	0	0	21	0.74	TAAA	chrY	3339654	3339762	DYS640
chrY	3503764	3503802	trf	3	12.7	3	100	0	76	31	0	0	68	0.9	TTA	chrY	3503720	3503861	DYS490
chrY	3700830	3700892	trf	4	15.5	4	93	0	106	0	50	0	50	1	TCCT	chrY	3700749	3700930	DYS505
chrY	3739659	3739702	trf	4	10.8	4	100	0	86	76	0	0	23	0.78	AAAT	chrY	3739593	3739839	DYS572
chrY	3739748	3739794	trf	21	2.2	21	96	0	83	54	15	4	26	1.59	AATATTCAACCCAGTAAATAA	chrY	3739593	3739839	DYS572
chrY	4330959	4331020	trf	4	15.2	4	100	0	122	50	0	24	24	1.49	AGAT	chrY	4330941	4331090	DYS456
chrY	6921230	6921301	trf	4	17.8	4	100	0	142	0	23	0	76	0.79	TTTC	chrY	6921114	6921370	DYS570
chrY	6971568	6971614	trf	4	11.5	4	100	0	92	76	0	0	23	0.79	AAAT	chrY	6971460	6971638	DYS455
chrY	7113358	7113429	trf	4	17.8	4	100	0	142	76	0	23	0	0.79	AAAG	chrY	7113301	7113492	DYS576
chrY	7475556	7475671	trf	4	29.5	4	75	11	105	47	4	23	24	1.69	ATAG	chrY	7475372	7475731	DYS522
chrY	7496256	7496297	trf	4	10.2	4	100	0	82	75	0	0	24	0.8	AAAT	chrY	7496119	7496340	DYS575
chrY	7703511	7703627	trf	10	11.6	10	97	0	169	45	0	54	0	0.99	GGAAGGGAAG	chrY	7703406	7703660	DYS463
chrY	7703511	7703627	trf	15	7.7	15	96	0	169	45	0	54	0	0.99	GGAAGGGAAGGGAAG	chrY	7703406	7703660	DYS463
chrY	7703503	7703630	trf	5	25.8	5	96	2	105	48	0	51	0	1	GAAAG	chrY	7703406	7703660	DYS463
chrY	7790420	7790526	trf	4	26.8	4	94	1	106	50	10	14	25	1.74	ATAG	chrY	7790372	7790558	DYS520
chrY	7927861	7927944	trf	4	20.2	4	92	4	139	72	0	27	0	0.85	GAAA	chrY	7927838	7927961	DYS458
chrY	8278013	8278197	trf	4	45.5	4	86	3	253	0	28	1	70	0.95	TTTC	chrY	8277907	8278262	DYS449
chrY	8284155	8284201	trf	4	11.5	4	100	0	92	76	0	0	23	0.79	AAAT	chrY	8284082	8284282	DYS454
chrY	8486377	8486443	trf	3	22	3	100	0	132	0	33	0	66	0.92	CTT	chrY	8486346	8486474	DYS481
chrY	8526194	8526246	trf	4	12.8	4	95	4	95	76	0	0	23	0.78	AAAT	chrY	8526159	8526275	DYS531
chrY	8615974	8616023	trf	5	10	5	95	4	91	0	0	18	81	0.69	GTTTT	chrY	8615932	8616049	DYS590
chrY	8882551	8882597	trf	4	11.5	4	100	0	92	76	0	0	23	0.79	AAAT	chrY	8882418	8882682	DYS568
chrY	8974172	8974212	trf	3	13.3	3	100	0	80	35	0	0	65	0.93	ATT	chrY	8974021	8974246	DYS487
chrY	10131986	10132052	trf	4	16.5	4	96	0	123	25	25	0	48	1.51	TATC	chrY	10131877	10132129	DYS19/DYS394
chrY	10132060	10132098	trf	14	2.7	14	95	0	67	50	7	0	42	1.31	TATATATATAACAC	chrY	10131877	10132129	DYS19/DYS394
chrY	10132053	10132099	trf	16	3	16	84	12	69	50	10	0	39	1.38	AACACTATATATATAT	chrY	10131877	10132129	DYS19/DYS394
chrY	12612780	12612841	trf	4	15.2	4	96	0	95	19	24	4	50	1.67	TATC	chrY	12612765	12612872	DYS391
chrY	12889563	12889657	trf	4	23.5	4	93	0	134	50	6	19	24	1.71	GATA	chrY	12889518	12889694	DYS635
chrY	12976538	12976576	trf	4	9.5	4	100	0	76	26	23	0	50	1.5	ATCT	chrY	12976485	12976599	DYS434
chrY	12977001	12977078	trf	4	19.8	4	92	5	122	22	25	2	49	1.63	TCTA	chrY	12976971	12977164	DYS437
chrY	13025263	13025373	trf	4	27.5	4	81	7	134	49	2	25	22	1.63	GATA	chrY	13025195	13025416	DYS439
chrY	13122217	13122528	trf	4	78	4	76	15	198	47	5	25	21	1.72	TAGA	chrY	13122300	13122324	DYS389
chrY	13256928	13256964	trf	3	12	3	100	0	72	66	0	0	33	0.92	AAT	chrY	13256855	13257013	DYS388
chrY	13270494	13270562	trf	4	17	4	96	0	109	50	4	25	20	1.67	GATA	chrY	13270457	13270762	DYS442
chrY	13447217	13447268	trf	5	10.2	5	100	0	102	0	19	0	80	0.71	TTTTC	chrY	13447178	13447498	DYS438
chrY	13491224	13491294	trf	4	17.8	4	97	2	133	0	50	0	50	1	TTCC	chrY	13491110	13491502	DYS441
chrY	13491281	13491322	trf	19	2.2	19	90	0	64	0	60	2	36	1.1	TCCTGCCTCCCTCTCTCCC	chrY	13491110	13491502	DYS441
chrY	13491325	13491360	trf	10	3.5	10	88	0	52	2	34	0	62	1.1	TCTCTCTTTT	chrY	13491110	13491502	DYS441
chrY	13520695	13520740	trf	3	15	3	100	0	90	66	0	0	33	0.92	AAT	chrY	13520658	13520800	DYS495
chrY	13713255	13713291	trf	3	12	3	100	0	72	66	33	0	0	0.92	AAC	chrY	13713189	13713322	DYS436
chrY	13788130	13788248	trf	5	23.6	5	96	0	218	38	0	0	61	0.96	TTATA	chrY	13788085	13788296	DYS447
chrY	14608481	14608528	trf	2	23.5	2	100	0	94	0	0	48	51	1	TG	chrY	14608457	14608631	DYS413a/b
chrY	14643689	14643730	trf	4	10.2	4	100	0	82	73	0	0	26	0.84	TAAA	chrY	14643606	14643833	DYS641
chrY	15017871	15017901	trf	3	10	3	92	0	51	63	0	3	33	1.11	AAT	chrY	15017820	15017926	DYS472
chrY	15923729	15923765	trf	3	12	3	100	0	72	33	0	0	66	0.92	ATT	chrY	15923677	15923887	DYS492
chrY	15036122	15036170	trf	4	12	4	100	0	96	75	0	0	25	0.81	ATAA	chrY	15036049	15036324	DYS565
chrY	15784326	15784444	trf	4	29.8	4	94	1	148	50	7	25	16	1.72	AGAT	chrY	15784277	15784493	DYS390
chrY	15814276	15814353	trf	4	19.5	4	80	12	88	49	1	24	24	1.58	AGAT	chrY	15814149	15814391	DYS511
chrY	15822619	15822722	trf	5	21	5	94	4	138	20	5	19	54	1.64	TGTAT	chrY	15822535	15822792	DYS717
chrY	15935405	15935469	trf	5	13	5	96	3	121	0	20	0	79	0.73	CTTTT	chrY	15935378	15935530	DYS643
chrY	16154883	16154929	trf	4	11.5	4	100	0	92	26	0	0	73	0.83	ATTT	chrY	16154807	16155069	DYS638
chrY	16902349	16902474	trf	4	31	4	90	1	178	0	30	0	68	0.95	CTTT	chrY	16902307	16902522	DYS534
chrY	16902577	16902686	trf	4	28.8	4	81	10	131	24	26	1	46	1.63	TATC	chrY	16902498	16902719	DYS533
chrY	16923775	16923866	trf	4	22.8	4	93	0	155	51	0	47	1	1.07	GAAG	chrY	16923699	16923892	DYS607
chrY	17228280	17228348	trf	4	17	4	93	6	120	26	25	0	48	1.51	TATC	chrY	17228206	17228372	GATA-A10
chrY	17252920	17253033	trf	4	33.5	4	85	5	166	25	27	1	45	1.62	CTAT	chrY	17252920	17253058	GATA-H4
chrY	17590911	17590948	trf	3	12.3	3	100	0	74	32	0	0	67	0.91	TTA	chrY	17590861	17591084	DYS617
chrY	17644238	17644280	trf	3	14.3	3	95	5	77	0	0	35	64	0.94	GTT	chrY	17644206	17644303	DYS426
chrY	17735563	17735641	trf	4	19.5	4	94	0	138	51	1	21	25	1.56	TAGA	chrY	17735415	17735723	DYS444
chrY	17868237	17868286	trf	4	12.2	4	95	0	89	22	24	0	53	1.47	TATC	chrY	17868163	17868329	DYS537
chrY	17946132	17946161	trf	2	14.5	2	100	0	58	51	0	48	0	1	AG	chrY	17946039	17946235	DYS710
chrY	17946066	17946212	trf	4	36.2	4	94	4	222	71	0	28	0	0.87	AAAG	chrY	17946039	17946235	DYS710
chrY	17946213	17946235	trf	22	2.5	22	96	0	99	33	0	59	7	1.25	AGGGAGGGAGAGAGTATGAGGA	chrY	17946039	17946235	DYS710
chrY	17946230	17946235	trf	12	10.7	12	68	14	59	39	0	57	1	1.13	GAGGAAGGGAGG	chrY	17946039	17946235	DYS710
chrY	17946230	17946235	trf	8	16.8	8	70	12	83	40	0	56	1	1.14	GAGGAAGG	chrY	17946039	17946235	DYS710
chrY	18131504	18131550	trf	2	23	2	100	0	92	50	50	0	0	1	CA	chrY	18131416	18131574	YCAIIa/b
chrY	18485629	18485660	trf	3	10.3	3	100	0	62	67	32	0	0	0.91	AAC	chrY	18485601	18485796	DYS425
chrY	18662895	18662926	trf	3	10.3	3	100	0	62	0	0	32	67	0.91	TGT	chrY	18662759	18662954	DYS425
chrY	19301802	19301974	trf	4	43.5	4	80	17	164	69	0	30	0	0.93	AGAA	chrY	19301723	19301992	DYS385a/b
chrY	19510178	19510269	trf	4	49.8	4	76	12	172	24	24	3	48	1.65	TATC	chrY	19510178	19510290	DYS460
chrY	19510075	19510202	trf	4	49.8	4	76	12	172	24	24	3	48	1.65	TATC	chrY	19510020	19510202	DYS461
chrY	19776431	19776478	trf	4	11.8	4	100	0	94	51	23	0	25	1.49	ATAC	chrY	19776396	19776578	DYS462
chrY	19845555	19845586	trf	3	10.3	3	100	0	62	32	0	0	67	0.91	TTA	chrY	19845510	19845688	DYS494
chrY	19845562	19845643	trf	9	7.6	11	77	14	57	43	2	1	53	1.22	TATTATATATA	chrY	19845510	19845688	DYS494
chrY	19979588	19979665	trf	4	19.8	4	87	10	115	49	0	25	24	1.51	AGAT	chrY	19979465	19979705	DYS549
chrY	20079865	20080020	trf	5	31	5	93	0	247	38	23	1	36	1.63	TATAC	chrY	20079842	20080048	DYS452
chrY	20116224	20116277	trf	5	10.6	5	100	0	106	81	0	0	18	0.7	AAATA	chrY	20116132	20116403	DYS594
chrY	20551989	20552040	trf	4	12.8	4	100	0	102	23	0	0	76	0.79	TTTA	chrY	20551835	20552098	DYS445
chrY	20559021	20559070	trf	3	16.3	3	100	0	98	32	0	0	67	0.91	TTA	chrY	20558949	20559105	DYS485
chrY	20607118	20607264	trf	5	29.6	5	96	0	242	0	21	0	78	0.75	TTTCT	chrY	20607093	20607288	DYS714
chrY	20971951	20971990	trf	4	9.8	4	100	0	78	76	0	0	23	0.78	AAAT	chrY	20971878	20972048	DYS578
chrY	21010836	21010887	trf	4	13	4	95	4	95	74	0	0	25	0.82	AAAT	chrY	21010732	21010950	DYS556
chrY	21043259	21043300	trf	3	13.7	3	100	0	82	68	0	0	31	0.9	AAT	chrY	21043234	21043544	DYS392
chrY	21044244	21044291	trf	4	11.8	4	100	0	94	23	0	0	76	0.78	TTTA	chrY	21044136	21044391	DYS636
chrY	21644059	21644164	trf	4	26.2	4	96	3	194	0	25	0	74	0.82	TTTC	chrY	21643996	21644192	DYS557
chrY	22252982	22253033	trf	4	12.8	4	95	0	93	25	21	1	50	1.59	TATC	chrY	22252920	22253138	DYS406S1
chrY	22774469	22774632	trf	8	20.4	8	69	5	69	50	0	33	15	1.45	AGAGATAG	chrY	22774351	22774661	DYS448
chrY	22774457	22774634	trf	6	28.2	6	88	8	264	50	0	32	16	1.45	AGAGAT	chrY	22774351	22774661	DYS448
chrY	22895064	22895147	trf	5	16.8	5	93	2	132	16	0	1	81	0.75	TTTTA	chrY	22894983	22895258	DYS589
chrY	24488235	24488278	trf	4	10.8	4	100	0	86	25	0	0	74	0.82	TTAT	chrY	24488177	24488329	DYS459a/b
chrY	24589134	24589174	trf	3	13.3	3	100	0	80	67	32	0	0	0.91	AAC	chrY	24589106	24589310	DYS425
chrY	25496998	25497172	trf	4	43.2	4	83	7	210	0	50	0	48	1.09	CCTT	chrY	25496956	25497223	DYS464a/b/c/d
chrY	26192026	26192069	trf	3	14.3	3	100	0	86	0	0	32	67	0.91	TGT	chrY	26191890	26192097	DYS425
chrY	26219572	26219778	trf	4	51.8	4	94	0	207	65	0	34	0	0.93	AAAG	chrY	26219522	26219802	DYS724a/b
chrY	13006305	13006341	trf	4	9	4	100	0	72	25	0	50	25	1.5	TGGA	chrY	13006206	13006415	DYS435
chrY	8186299	8186386	trf	5	16.8	5	90	7	138	19	1	0	79	0.8	TTTTA	chrY	8186081	8186441	DYS450
